,,% aged 16-64 who are EA core or work-limiting disabled,,,,% aged 16-64 who are EA core disabled,,,,% aged 16-64 who are work-limited core disabled,,,,% aged 16-64 who are not disabled,,,,Economic activity rate aged 16-64 - EA core or work-limiting disabled,,,,Economic activity rate aged 16-64 - EA core disabled,,,,Economic activity rate aged 16-64 - work-limiting disabled,,,,Economic activity rate aged 16-64 - not EA core or work-limiting disabled,,,,Employment rate aged 16-64 - EA core or work-limiting disabled,,,,Employment rate aged 16-64 - EA core disabled,,,,Employment rate aged 16-64 - work-limiting disabled,,,,Employment rate aged 16-64 - not EA core or work-limiting disabled,,,,Unemployment rate aged 16-64 - EA core or work-limiting disabled,,,,Unemployment rate aged 16-64 - EA core disabled,,,,Unemployment rate aged 16-64 - work-limiting disabled,,,,Unemployment rate aged 16-64 - not EA core or work-limiting disabled,,,,% economically inactive aged 16-64 - EA core or work-limiting disabled,,,,% economically inactive aged 16-64 - EA core disabled,,,,% economically inactive aged 16-64 - work-limiting disabled,,,,% economically inactive aged 16-64 - not EA core or work-limiting disabled,,,,Employment rate - aged 16-64,,,
Code,Area,numerator,denominator,percent,conf,numerator,denominator,percent,conf,numerator,denominator,percent,conf,numerator,denominator,percent,conf,numerator,denominator,percent,conf,numerator,denominator,percent,conf,numerator,denominator,percent,conf,numerator,denominator,percent,conf,numerator,denominator,percent,conf,numerator,denominator,percent,conf,numerator,denominator,percent,conf,numerator,denominator,percent,conf,numerator,denominator,percent,conf,numerator,denominator,percent,conf,numerator,denominator,percent,conf,numerator,denominator,percent,conf,numerator,denominator,percent,conf,numerator,denominator,percent,conf,numerator,denominator,percent,conf,numerator,denominator,percent,conf,numerator,denominator,percent,conf
,,,,,,,,,,,,,,,,,,,,,,,,,,,,,,,,,,,,,,,,,,,,,,,,,,,,,,,,,,,,,,,,,,,,,,,,,,,,,,,,,,,,,
E09000001,City of London,!,!,!,!,!,!,!,!,!,!,!,!,!,!,!,-,!,!,!,-,!,!,!,-,!,!,!,-,!,!,!,-,!,!,!,-,!,!,!,-,!,!,!,-,!,!,!,-,!,!,!,-,!,!,!,-,!,!,!,-,!,!,!,!,!,!,!,-,!,!,!,-,!,!,!,-,!,!,!,!,!,!,!,-
E09000002,Barking and Dagenham,"33,200","146,300",22.7,5.0,"32,300","146,300",22.0,5.0,"29,600","146,300",20.2,4.8,"112,600","146,300",77.0,5.0,"17,900","33,200",54.0,11.9,"17,000","32,300",52.6,12.1,"14,300","29,600",48.4,12.8,"90,100","112,600",80.0,5.6,"15,500","33,200",46.7,11.9,"14,500","32,300",45.1,12.1,"12,700","29,600",43.0,12.6,"85,000","112,600",75.5,6.0,"2,400","17,900",13.5,*,"2,400","17,000",14.3,*,"1,600","14,300",11.0,*,"5,100","90,100",5.6,*,"15,300","33,200",46.0,11.9,"15,300","32,300",47.4,12.1,"15,300","29,600",51.6,12.8,"22,600","112,600",20.0,5.6,"100,500","146,300",68.7,5.6
E09000003,Barnet,"52,600","262,300",20.1,4.8,"50,100","262,300",19.1,4.7,"42,500","262,300",16.2,4.5,"209,100","262,300",79.7,4.9,"28,000","52,600",53.2,13.6,"25,500","50,100",50.8,13.9,"19,200","42,500",45.2,15.1,"172,100","209,100",82.3,5.2,"26,300","52,600",49.9,13.6,"23,700","50,100",47.4,13.8,"17,500","42,500",41.1,14.9,"164,300","209,100",78.6,5.6,!,"28,000",!,!,!,"25,500",!,!,!,"19,200",!,!,"7,800","172,100",4.6,*,"24,600","52,600",46.8,13.6,"24,600","50,100",49.2,13.9,"23,300","42,500",54.8,15.1,"37,000","209,100",17.7,5.2,"191,200","262,300",72.9,5.4
E09000004,Bexley,"42,900","163,100",26.3,5.9,"36,300","163,100",22.2,5.5,"32,100","163,100",19.6,5.3,"116,900","163,100",71.6,6.0,"33,300","42,900",77.6,10.9,"28,000","36,300",77.3,12.0,"23,800","32,100",74.3,13.4,"104,600","116,900",89.5,4.8,"32,700","42,900",76.1,11.2,"27,400","36,300",75.5,12.3,"23,200","32,100",72.2,13.7,"100,200","116,900",85.7,5.5,!,"33,300",!,!,!,"28,000",!,!,!,"23,800",!,!,"4,400","104,600",4.3,*,"9,600","42,900",22.4,10.9,"8,200","36,300",22.7,12.0,"8,200","32,100",25.7,13.4,"12,200","116,900",10.5,4.8,"135,600","163,100",83.1,5.0
E09000005,Brent,"37,600","220,600",17.1,6.9,"34,900","220,600",15.8,6.7,"30,800","220,600",14.0,6.4,"178,500","220,600",80.9,7.2,"23,700","37,600",63.0,20.7,"21,000","34,900",60.1,22.0,"18,200","30,800",59.0,23.4,"144,400","178,500",80.9,8.1,"20,700","37,600",55.1,21.3,"18,000","34,900",51.5,22.5,"16,400","30,800",53.3,23.7,"137,300","178,500",76.9,8.7,!,"23,700",!,!,!,"21,000",!,!,!,"18,200",!,!,"7,200","144,400",5.0,*,"13,900","37,600",37.0,*,"13,900","34,900",39.9,*,"12,600","30,800",41.0,*,"34,000","178,500",19.1,8.1,"162,500","220,600",73.7,8.1
E09000006,Bromley,"47,800","213,100",22.4,5.0,"43,100","213,100",20.2,4.8,"35,800","213,100",16.8,4.5,"164,300","213,100",77.1,5.0,"26,100","47,800",54.5,12.8,"21,800","43,100",50.7,13.6,"16,100","35,800",45.1,15.2,"138,500","164,300",84.3,4.9,"25,200","47,800",52.8,12.8,"21,000","43,100",48.8,13.6,"15,300","35,800",42.7,15.1,"134,900","164,300",82.1,5.2,!,"26,100",!,!,!,"21,800",!,!,!,"16,100",!,!,"3,600","138,500",2.6,*,"21,700","47,800",45.5,12.8,"21,200","43,100",49.3,13.6,"19,600","35,800",54.9,15.2,"25,800","164,300",15.7,4.9,"161,200","213,100",75.6,5.1
E09000007,Camden,"38,900","188,800",20.6,6.0,"38,300","188,800",20.3,5.9,"30,300","188,800",16.1,5.4,"146,900","188,800",77.8,6.1,"21,200","38,900",54.6,14.4,"20,600","38,300",53.9,14.6,"14,000","30,300",46.2,16.3,"118,000","146,900",80.4,6.9,"19,200","38,900",49.3,14.4,"18,600","38,300",48.5,14.6,"12,000","30,300",39.4,16.0,"110,000","146,900",74.9,7.5,"2,100","21,200",9.7,*,"2,100","20,600",10.0,*,"2,100","14,000",14.7,*,"8,100","118,000",6.8,*,"17,700","38,900",45.4,14.4,"17,700","38,300",46.1,14.6,"16,300","30,300",53.8,16.3,"28,800","146,900",19.6,6.9,"130,300","188,800",69.0,6.8
E09000008,Croydon,"62,800","253,100",24.8,5.5,"59,400","253,100",23.5,5.4,"44,700","253,100",17.7,4.9,"184,600","253,100",72.9,5.7,"46,600","62,800",74.1,11.3,"43,100","59,400",72.6,11.9,"30,200","44,700",67.7,14.3,"160,000","184,600",86.7,5.1,"41,000","62,800",65.2,12.3,"39,100","59,400",65.7,12.7,"26,900","44,700",60.2,15.0,"154,200","184,600",83.5,5.5,"5,600","46,600",12.0,*,"4,100","43,100",9.5,*,!,"30,200",!,!,"5,800","160,000",3.6,*,"16,300","62,800",25.9,11.3,"16,300","59,400",27.4,11.9,"14,500","44,700",32.3,14.3,"24,600","184,600",13.3,5.1,"197,600","253,100",78.1,5.3
E09000009,Ealing,"44,300","226,700",19.5,6.1,"44,300","226,700",19.5,6.1,"34,100","226,700",15.1,5.5,"181,600","226,700",80.1,6.1,"30,700","44,300",69.5,15.3,"30,700","44,300",69.5,15.3,"22,000","34,100",64.4,18.1,"154,700","181,600",85.2,6.2,"30,700","44,300",69.5,15.3,"30,700","44,300",69.5,15.3,"22,000","34,100",64.4,18.1,"152,700","181,600",84.0,6.4,!,"30,700",!,!,!,"30,700",!,!,!,"22,000",!,!,!,"154,700",!,!,"13,500","44,300",30.5,15.3,"13,500","44,300",30.5,15.3,"12,200","34,100",35.6,18.1,"27,000","181,600",14.8,6.2,"184,200","226,700",81.3,6.0
E09000010,Enfield,"62,400","227,800",27.4,6.6,"56,000","227,800",24.6,6.3,"55,100","227,800",24.2,6.3,"162,600","227,800",71.4,6.6,"31,800","62,400",51.0,14.4,"27,400","56,000",49.0,15.3,"26,400","55,100",48.0,15.5,"143,800","162,600",88.4,5.5,"30,200","62,400",48.5,14.4,"25,800","56,000",46.1,15.3,"24,800","55,100",45.1,15.4,"139,900","162,600",86.0,6.0,!,"31,800",!,!,!,"27,400",!,!,!,"26,400",!,!,"3,900","143,800",2.7,*,"30,500","62,400",49.0,14.4,"28,600","56,000",51.0,15.3,"28,700","55,100",52.0,15.5,"18,800","162,600",11.6,5.5,"171,600","227,800",75.3,6.3
E09000011,Greenwich,"61,200","204,300",30.0,6.1,"56,900","204,300",27.9,5.9,"45,700","204,300",22.4,5.5,"140,600","204,300",68.8,6.1,"40,400","61,200",66.0,11.3,"37,900","56,900",66.7,11.7,"25,700","45,700",56.4,13.7,"113,200","140,600",80.5,6.3,"33,900","61,200",55.3,11.9,"33,200","56,900",58.4,12.3,"20,300","45,700",44.5,13.8,"104,100","140,600",74.1,7.0,"6,600","40,400",16.3,*,"4,700","37,900",12.4,*,"5,400","25,700",21.0,*,"9,000","113,200",8.0,*,"20,800","61,200",34.0,11.3,"19,000","56,900",33.3,11.7,"19,900","45,700",43.6,13.7,"27,400","140,600",19.5,6.3,"139,200","204,300",68.2,6.2
E09000012,Hackney,"55,000","218,900",25.1,5.6,"53,300","218,900",24.4,5.5,"40,800","218,900",18.7,5.0,"161,000","218,900",73.5,5.7,"40,400","55,000",73.5,10.9,"39,600","53,300",74.3,11.0,"27,100","40,800",66.3,13.7,"144,000","161,000",89.5,4.7,"35,400","55,000",64.3,11.8,"34,600","53,300",64.9,12.0,"23,600","40,800",57.9,14.3,"140,300","161,000",87.2,5.2,"5,000","40,400",12.5,*,"5,000","39,600",12.7,*,!,"27,100",!,!,"3,700","144,000",2.6,*,"14,600","55,000",26.5,10.9,"13,700","53,300",25.7,11.0,"13,800","40,800",33.7,13.7,"17,000","161,000",10.5,4.7,"178,100","218,900",81.3,5.0
E09000013,Hammersmith and Fulham,"21,900","127,600",17.2,5.0,"19,800","127,600",15.5,4.8,"17,500","127,600",13.7,4.6,"101,500","127,600",79.6,5.4,"8,300","21,900",38.0,14.3,"6,200","19,800",31.4,14.2,"6,300","17,500",36.1,15.9,"86,200","101,500",84.9,5.5,"8,300","21,900",38.0,14.3,"6,200","19,800",31.4,14.2,"6,300","17,500",36.1,15.9,"83,600","101,500",82.3,5.9,!,"8,300",!,!,!,"6,200",!,!,!,"6,300",!,!,"2,600","86,200",3.1,*,"13,600","21,900",62.0,14.3,"13,600","19,800",68.6,14.2,"11,200","17,500",63.9,15.9,"15,300","101,500",15.1,5.5,"95,200","127,600",74.7,5.8
E09000014,Haringey,"43,400","191,900",22.6,5.6,"39,900","191,900",20.8,5.5,"36,800","191,900",19.2,5.3,"146,400","191,900",76.3,5.7,"33,100","43,400",76.3,12.6,"30,800","39,900",77.3,13.2,"27,500","36,800",74.7,14.2,"114,800","146,400",78.4,6.3,"32,300","43,400",74.5,12.9,"30,000","39,900",75.3,13.5,"26,700","36,800",72.6,14.6,"112,400","146,400",76.8,6.4,!,"33,100",!,!,!,"30,800",!,!,!,"27,500",!,!,"2,400","114,800",2.1,*,"10,300","43,400",23.7,12.6,"9,100","39,900",22.7,13.2,"9,300","36,800",25.3,14.2,"31,600","146,400",21.6,6.3,"146,200","191,900",76.2,5.7
E09000015,Harrow,"27,100","159,900",17.0,5.7,"25,700","159,900",16.0,5.6,"21,100","159,900",13.2,5.2,"129,500","159,900",80.9,6.0,"15,600","27,100",57.4,18.3,"14,100","25,700",55.0,18.8,"11,700","21,100",55.4,21.8,"106,300","129,500",82.1,6.6,"13,100","27,100",48.5,18.5,"11,700","25,700",45.6,18.8,"10,000","21,100",47.3,*,"103,200","129,500",79.7,6.9,"2,400","15,600",15.6,*,"2,400","14,100",17.2,*,!,"11,700",!,!,"3,100","106,300",2.9,*,"11,500","27,100",42.6,18.3,"11,500","25,700",45.0,18.8,"9,400","21,100",44.6,21.8,"23,100","129,500",17.9,6.6,"119,000","159,900",74.4,6.7
E09000016,Havering,"25,100","163,700",15.4,4.2,"23,100","163,700",14.1,4.0,"18,400","163,700",11.2,3.7,"135,500","163,700",82.8,4.4,"20,000","25,100",79.5,11.9,"18,900","23,100",82.0,11.9,"14,400","18,400",78.3,14.1,"113,200","135,500",83.5,4.7,"19,100","25,100",76.1,12.6,"18,100","23,100",78.3,12.8,"13,900","18,400",75.8,14.6,"109,900","135,500",81.1,5.0,!,"20,000",!,!,!,"18,900",!,!,!,"14,400",!,!,"3,300","113,200",2.9,*,"5,200","25,100",20.5,11.9,"4,200","23,100",18.0,*,"4,000","18,400",21.7,*,"22,300","135,500",16.5,4.7,"129,000","163,700",78.8,4.7
E09000017,Hillingdon,"38,600","207,700",18.6,5.8,"34,300","207,700",16.5,5.6,"34,700","207,700",16.7,5.6,"167,900","207,700",80.8,5.9,"20,300","38,600",52.6,17.0,"17,800","34,300",51.8,18.2,"16,400","34,700",47.2,18.2,"148,200","167,900",88.3,5.4,"17,300","38,600",44.8,17.0,"14,800","34,300",43.0,18.0,"13,300","34,700",38.5,17.7,"144,300","167,900",85.9,5.8,!,"20,300",!,!,!,"17,800",!,!,!,"16,400",!,!,"3,900","148,200",2.7,*,"18,300","38,600",47.4,17.0,"16,600","34,300",48.2,18.2,"18,300","34,700",52.8,18.2,"19,600","167,900",11.7,5.4,"161,600","207,700",77.8,6.2
E09000018,Hounslow,"42,100","182,900",23.0,6.6,"35,000","182,900",19.1,6.2,"34,400","182,900",18.8,6.1,"140,700","182,900",77.0,6.6,"24,600","42,100",58.4,15.9,"19,900","35,000",56.9,17.4,"18,900","34,400",54.9,17.8,"107,700","140,700",76.5,7.6,"24,600","42,100",58.4,15.9,"19,900","35,000",56.9,17.4,"18,900","34,400",54.9,17.8,"106,200","140,700",75.5,7.8,!,"24,600",!,!,!,"19,900",!,!,!,"18,900",!,!,!,"107,700",!,!,"17,500","42,100",41.6,15.9,"15,100","35,000",43.1,17.4,"15,500","34,400",45.1,17.8,"33,100","140,700",23.5,7.6,"130,800","182,900",71.5,7.1
E09000019,Islington,"43,200","183,100",23.6,6.0,"41,900","183,100",22.9,6.0,"28,100","183,100",15.3,5.1,"137,800","183,100",75.3,6.1,"33,200","43,200",76.8,12.1,"31,900","41,900",76.1,12.5,"18,100","28,100",64.4,16.6,"121,100","137,800",87.8,5.4,"27,900","43,200",64.5,13.7,"26,600","41,900",63.4,14.1,"15,100","28,100",53.6,17.3,"112,700","137,800",81.8,6.4,"5,300","33,200",16.0,*,"5,300","31,900",16.7,*,"3,000","18,100",16.8,*,"8,300","121,100",6.9,*,"10,000","43,200",23.2,12.1,"10,000","41,900",23.9,12.5,"10,000","28,100",35.6,16.6,"16,800","137,800",12.2,5.4,"142,700","183,100",77.9,5.9
E09000020,Kensington and Chelsea,"19,300","104,800",18.4,6.1,"17,800","104,800",17.0,5.9,"14,000","104,800",13.3,5.3,"85,000","104,800",81.1,6.1,"10,100","19,300",52.0,19.6,"9,200","17,800",51.5,20.4,"6,100","14,000",43.9,*,"60,100","85,000",70.8,7.8,"9,000","19,300",46.7,*,"8,200","17,800",45.8,*,"5,500","14,000",39.1,*,"56,400","85,000",66.4,8.2,!,"10,100",!,!,!,"9,200",!,!,!,"6,100",!,!,"3,700","60,100",6.2,*,"9,300","19,300",48.0,19.6,"8,600","17,800",48.5,20.4,"7,800","14,000",56.1,22.3,"24,800","85,000",29.2,7.8,"66,000","104,800",62.9,7.6
E09000021,Kingston upon Thames,"18,500","121,700",15.2,4.7,"16,700","121,700",13.7,4.5,"12,200","121,700",10.0,3.9,"100,400","121,700",82.5,4.9,"16,100","18,500",87.2,11.4,"14,700","16,700",87.9,11.7,"10,200","12,200",83.8,16.6,"84,300","100,400",84.0,5.2,"16,100","18,500",87.2,11.4,"14,700","16,700",87.9,11.7,"10,200","12,200",83.8,16.6,"80,200","100,400",79.9,5.7,!,"16,100",!,!,!,"14,700",!,!,!,"10,200",!,!,"4,200","84,300",4.9,*,"2,400","18,500",12.8,*,"2,000","16,700",12.1,*,"2,000","12,200",16.2,*,"16,000","100,400",16.0,5.2,"98,100","121,700",80.6,5.1
E09000022,Lambeth,"39,200","245,800",15.9,5.4,"36,500","245,800",14.8,5.3,"27,900","245,800",11.3,4.7,"204,100","245,800",83.0,5.5,"29,200","39,200",74.6,15.8,"26,500","36,500",72.8,16.8,"19,500","27,900",70.1,19.6,"178,900","204,100",87.6,5.4,"29,200","39,200",74.6,15.8,"26,500","36,500",72.8,16.8,"19,500","27,900",70.1,19.6,"162,100","204,100",79.4,6.6,!,"29,200",!,!,!,"26,500",!,!,!,"19,500",!,!,"16,800","178,900",9.4,5.1,"9,900","39,200",25.4,*,"9,900","36,500",27.2,*,"8,300","27,900",29.9,*,"25,200","204,100",12.4,5.4,"192,600","245,800",78.4,6.1
E09000023,Lewisham,"56,700","222,100",25.5,5.9,"50,200","222,100",22.6,5.7,"39,500","222,100",17.8,5.2,"163,800","222,100",73.7,6.0,"38,100","56,700",67.3,13.0,"32,300","50,200",64.4,14.3,"21,000","39,500",53.0,16.5,"139,200","163,800",85.0,5.6,"34,400","56,700",60.6,13.5,"28,500","50,200",56.8,14.8,"19,900","39,500",50.5,16.6,"133,100","163,800",81.3,6.1,!,"38,100",!,!,!,"32,300",!,!,!,"21,000",!,!,"6,100","139,200",4.4,*,"18,600","56,700",32.7,13.0,"17,900","50,200",35.6,14.3,"18,600","39,500",47.0,16.5,"24,600","163,800",15.0,5.6,"168,100","222,100",75.7,5.8
E09000024,Merton,"33,500","144,200",23.3,5.9,"31,900","144,200",22.1,5.8,"22,800","144,200",15.8,5.1,"108,900","144,200",75.5,6.0,"24,500","33,500",73.2,12.9,"22,900","31,900",71.8,13.4,"16,200","22,800",71.0,16.0,"96,000","108,900",88.1,5.2,"23,300","33,500",69.5,13.4,"21,700","31,900",68.0,13.9,"15,000","22,800",65.7,16.7,"94,400","108,900",86.7,5.5,!,"24,500",!,!,!,"22,900",!,!,!,"16,200",!,!,!,"96,000",!,!,"9,000","33,500",26.8,12.9,"9,000","31,900",28.2,13.4,"6,600","22,800",29.0,16.0,"13,000","108,900",11.9,5.2,"119,500","144,200",82.9,5.3
E09000025,Newham,"41,300","265,000",15.6,4.5,"39,000","265,000",14.7,4.4,"31,900","265,000",12.0,4.0,"223,100","265,000",84.2,4.5,"25,600","41,300",61.9,14.5,"24,500","39,000",62.9,14.8,"19,000","31,900",59.5,16.5,"177,200","223,100",79.4,5.5,"23,700","41,300",57.4,14.8,"22,700","39,000",58.2,15.1,"17,100","31,900",53.7,16.8,"163,300","223,100",73.2,6.1,!,"25,600",!,!,!,"24,500",!,!,!,"19,000",!,!,"13,800","177,200",7.8,4.2,"15,700","41,300",38.1,14.5,"14,400","39,000",37.1,14.8,"12,900","31,900",40.5,16.5,"45,900","223,100",20.6,5.5,"187,100","265,000",70.6,5.7
E09000026,Redbridge,"35,600","205,200",17.3,4.3,"33,400","205,200",16.3,4.2,"30,800","205,200",15.0,4.0,"169,200","205,200",82.4,4.3,"18,700","35,600",52.6,13.6,"17,000","33,400",50.8,14.1,"15,200","30,800",49.3,14.6,"135,500","169,200",80.1,5.0,"17,300","35,600",48.7,13.6,"15,600","33,400",46.6,14.1,"13,800","30,800",44.8,14.5,"126,600","169,200",74.9,5.4,"1,400","18,700",7.4,*,"1,400","17,000",8.2,*,"1,400","15,200",9.2,*,"8,900","135,500",6.5,3.4,"16,900","35,600",47.4,13.6,"16,400","33,400",49.2,14.1,"15,600","30,800",50.7,14.6,"33,700","169,200",19.9,5.0,"144,000","205,200",70.1,5.2
E09000027,Richmond upon Thames,"25,500","127,800",19.9,5.8,"24,100","127,800",18.9,5.7,"17,600","127,800",13.7,5.0,"102,300","127,800",80.1,5.8,"16,000","25,500",62.7,17.6,"15,200","24,100",62.8,18.2,"9,100","17,600",51.9,*,"82,300","102,300",80.4,6.3,"14,400","25,500",56.5,18.0,"14,400","24,100",59.6,18.5,"8,300","17,600",47.2,*,"80,200","102,300",78.4,6.6,!,"16,000",!,!,!,"15,200",!,!,!,"9,100",!,!,"2,100","82,300",2.6,*,"9,500","25,500",37.3,17.6,"9,000","24,100",37.2,18.2,"8,500","17,600",48.1,22.5,"20,000","102,300",19.6,6.3,"94,600","127,800",74.0,6.4
E09000028,Southwark,"59,900","237,200",25.3,6.5,"49,200","237,200",20.7,6.1,"46,900","237,200",19.8,6.0,"173,700","237,200",73.2,6.6,"37,000","59,900",61.7,14.4,"27,100","49,200",55.2,16.0,"26,800","46,900",57.2,16.9,"144,200","173,700",83.0,6.6,"32,900","59,900",54.9,14.7,"23,000","49,200",46.8,16.1,"22,700","46,900",48.5,17.1,"138,500","173,700",79.7,7.1,#,"37,000",11.1,*,#,"27,100",15.1,*,#,"26,800",15.3,*,"5,700","144,200",3.9,*,"23,000","59,900",38.3,14.4,"22,100","49,200",44.8,16.0,"20,000","46,900",42.8,16.9,"29,500","173,700",17.0,6.6,"175,000","237,200",73.8,6.6
E09000029,Sutton,"25,200","136,700",18.4,5.3,"19,100","136,700",14.0,4.7,"17,900","136,700",13.1,4.6,"111,100","136,700",81.3,5.3,"17,200","25,200",68.2,15.0,"11,800","19,100",61.4,17.7,"10,300","17,900",57.8,19.4,"89,600","111,100",80.7,6.0,"16,000","25,200",63.7,15.5,"11,800","19,100",61.4,17.7,"9,200","17,900",51.3,19.6,"86,500","111,100",77.8,6.3,!,"17,200",!,!,!,"11,800",!,!,!,"10,300",!,!,"3,200","89,600",3.5,*,"8,000","25,200",31.8,15.0,"7,400","19,100",38.6,17.7,"7,600","17,900",42.2,19.4,"21,500","111,100",19.3,6.0,"102,500","136,700",75.0,5.9
E09000030,Tower Hamlets,"48,000","241,500",19.9,5.2,"42,300","241,500",17.5,5.0,"40,200","241,500",16.6,4.9,"190,300","241,500",78.8,5.4,"23,800","48,000",49.7,14.3,"19,100","42,300",45.3,15.1,"17,900","40,200",44.6,15.6,"166,700","190,300",87.6,4.9,"20,400","48,000",42.6,14.1,"17,000","42,300",40.3,14.8,"15,700","40,200",38.9,15.3,"160,200","190,300",84.2,5.5,"3,400","23,800",14.3,*,!,"19,100",!,!,!,"17,900",!,!,"6,500","166,700",3.9,*,"24,200","48,000",50.3,14.3,"23,100","42,300",54.7,15.1,"22,300","40,200",55.4,15.6,"23,600","190,300",12.4,4.9,"181,600","241,500",75.2,5.7
E09000031,Waltham Forest,"38,600","190,600",20.3,5.1,"35,000","190,600",18.4,4.9,"34,000","190,600",17.8,4.9,"151,200","190,600",79.3,5.2,"26,700","38,600",69.2,13.2,"23,200","35,000",66.1,14.3,"22,100","34,000",65.0,14.6,"131,800","151,200",87.2,4.8,"25,100","38,600",64.9,13.6,"21,500","35,000",61.4,14.7,"21,400","34,000",62.8,14.8,"129,200","151,200",85.5,5.0,!,"26,700",!,!,!,"23,200",!,!,!,"22,100",!,!,"2,600","131,800",2.0,*,"11,900","38,600",30.8,13.2,"11,900","35,000",33.9,14.3,"11,900","34,000",35.0,14.6,"19,400","151,200",12.8,4.8,"155,100","190,600",81.4,5.0
E09000032,Wandsworth,"44,300","240,500",18.4,5.7,"41,000","240,500",17.1,5.5,"29,400","240,500",12.2,4.8,"195,000","240,500",81.1,5.7,"30,200","44,300",68.3,15.9,"27,000","41,000",65.8,17.0,"16,200","29,400",55.0,20.3,"177,800","195,000",91.2,4.6,"26,500","44,300",59.9,16.7,"23,300","41,000",56.8,17.7,"14,700","29,400",49.9,20.4,"172,700","195,000",88.6,5.2,!,"30,200",!,!,!,"27,000",!,!,!,"16,200",!,!,"5,100","177,800",2.9,*,"14,000","44,300",31.7,15.9,"14,000","41,000",34.2,17.0,"13,200","29,400",45.0,20.3,"17,200","195,000",8.8,4.6,"200,500","240,500",83.4,5.4
E09000033,Westminster,"38,600","174,000",22.2,6.4,"35,200","174,000",20.2,6.2,"23,100","174,000",13.3,5.2,"133,500","174,000",76.7,6.5,"33,000","38,600",85.5,11.3,"29,600","35,200",84.1,12.3,"18,600","23,100",80.5,15.8,"98,300","133,500",73.7,7.8,"31,800","38,600",82.4,12.3,"29,600","35,200",84.1,12.3,"17,400","23,100",75.4,17.2,"96,200","133,500",72.1,8.0,!,"33,000",!,!,!,"29,600",!,!,!,"18,600",!,!,!,"98,300",!,!,"5,600","38,600",14.5,*,"5,600","35,200",15.9,*,"4,500","23,100",19.5,*,"35,200","133,500",26.3,7.8,"130,000","174,000",74.7,6.7
,,,,,,,,,,,,,,,,,,,,,,,,,,,,,,,,,,,,,,,,,,,,,,,,,,,,,,,,,,,,,,,,,,,,,,,,,,,,,,,,,,,,,
E13000001,Inner London,"549,700","2,643,500",20.8,1.6,"504,400","2,643,500",19.1,1.5,"406,500","2,643,500",15.4,1.4,"2,064,300","2,643,500",78.1,1.6,"363,400","549,700",66.1,3.9,"324,600","504,400",64.4,4.1,"238,200","406,500",58.6,4.7,"1,728,800","2,064,300",83.7,1.6,"331,100","549,700",60.2,4.0,"294,800","504,400",58.5,4.2,"216,200","406,500",53.2,4.7,"1,643,800","2,064,300",79.6,1.8,"32,300","363,400",8.9,3.0,"29,800","324,600",9.2,3.2,"21,900","238,200",9.2,3.7,"84,900","1,728,800",4.9,1.1,"186,300","549,700",33.9,3.9,"179,700","504,400",35.6,4.1,"168,300","406,500",41.4,4.7,"335,500","2,064,300",16.3,1.6,"1,995,600","2,643,500",75.5,1.7
E13000002,Outer London,"754,800","3,557,700",21.2,1.3,"691,500","3,557,700",19.4,1.2,"594,100","3,557,700",16.7,1.1,"2,767,400","3,557,700",77.8,1.3,"478,400","754,800",63.4,3.2,"427,800","691,500",61.9,3.4,"340,500","594,100",57.3,3.8,"2,316,400","2,767,400",83.7,1.3,"442,600","754,800",58.6,3.3,"397,500","691,500",57.5,3.4,"313,100","594,100",52.7,3.8,"2,233,200","2,767,400",80.7,1.4,"35,700","478,400",7.5,2.2,"30,300","427,800",7.1,2.3,"27,400","340,500",8.1,2.7,"83,200","2,316,400",3.6,0.7,"276,400","754,800",36.6,3.2,"263,600","691,500",38.1,3.4,"253,600","594,100",42.7,3.8,"451,100","2,767,400",16.3,1.3,"2,697,700","3,557,700",75.8,1.3
,,,,,,,,,,,,,,,,,,,,,,,,,,,,,,,,,,,,,,,,,,,,,,,,,,,,,,,,,,,,,,,,,,,,,,,,,,,,,,,,,,,,,
E12000001,North East,"508,900","1,641,300",31.0,1.2,"480,500","1,641,300",29.3,1.2,"384,300","1,641,300",23.4,1.1,"1,123,500","1,641,300",68.5,1.2,"272,800","508,900",53.6,2.4,"250,400","480,500",52.1,2.5,"173,300","384,300",45.1,2.7,"934,900","1,123,500",83.2,1.2,"250,300","508,900",49.2,2.4,"228,600","480,500",47.6,2.5,"154,000","384,300",40.1,2.7,"902,300","1,123,500",80.3,1.3,"22,500","272,800",8.2,1.8,"21,800","250,400",8.7,1.9,"19,300","173,300",11.1,2.5,"32,600","934,900",3.5,0.6,"236,100","508,900",46.4,2.4,"230,000","480,500",47.9,2.5,"210,900","384,300",54.9,2.7,"188,600","1,123,500",16.8,1.2,"1,156,300","1,641,300",70.5,1.2
E12000002,North West,"1,340,300","4,531,600",29.6,0.9,"1,255,300","4,531,600",27.7,0.9,"1,021,200","4,531,600",22.5,0.9,"3,168,700","4,531,600",69.9,0.9,"762,200","1,340,300",56.9,1.9,"688,800","1,255,300",54.9,1.9,"498,400","1,021,200",48.8,2.1,"2,687,300","3,168,700",84.8,0.9,"714,400","1,340,300",53.3,1.9,"644,900","1,255,300",51.4,1.9,"456,300","1,021,200",44.7,2.1,"2,589,800","3,168,700",81.7,1.0,"47,700","762,200",6.3,1.2,"43,900","688,800",6.4,1.3,"42,100","498,400",8.5,1.7,"97,400","2,687,300",3.6,0.5,"578,100","1,340,300",43.1,1.9,"566,500","1,255,300",45.1,1.9,"522,800","1,021,200",51.2,2.1,"481,400","3,168,700",15.2,0.9,"3,318,700","4,531,600",73.2,0.9
E12000003,Yorkshire and The Humber,"975,100","3,406,000",28.6,1.1,"898,100","3,406,000",26.4,1.0,"767,400","3,406,000",22.5,1.0,"2,411,400","3,406,000",70.8,1.1,"560,300","975,100",57.5,2.1,"506,500","898,100",56.4,2.2,"385,700","767,400",50.3,2.4,"2,002,800","2,411,400",83.1,1.0,"532,800","975,100",54.6,2.1,"480,200","898,100",53.5,2.2,"363,400","767,400",47.4,2.4,"1,954,100","2,411,400",81.0,1.1,"27,500","560,300",4.9,1.2,"26,300","506,500",5.2,1.3,"22,300","385,700",5.8,1.6,"48,700","2,002,800",2.4,0.5,"414,800","975,100",42.5,2.1,"391,600","898,100",43.6,2.2,"381,700","767,400",49.7,2.4,"408,600","2,411,400",16.9,1.0,"2,497,300","3,406,000",73.3,1.0
E12000004,East Midlands,"772,100","2,978,900",25.9,1.2,"705,900","2,978,900",23.7,1.2,"573,500","2,978,900",19.3,1.1,"2,186,000","2,978,900",73.4,1.2,"486,600","772,100",63.0,2.6,"435,600","705,900",61.7,2.7,"317,800","573,500",55.4,3.1,"1,853,900","2,186,000",84.8,1.1,"452,100","772,100",58.6,2.7,"404,200","705,900",57.3,2.8,"289,200","573,500",50.4,3.1,"1,779,900","2,186,000",81.4,1.2,"34,600","486,600",7.1,1.8,"31,400","435,600",7.2,1.9,"28,500","317,800",9.0,2.4,"74,000","1,853,900",4.0,0.7,"285,400","772,100",37.0,2.6,"270,300","705,900",38.3,2.7,"255,700","573,500",44.6,3.1,"332,100","2,186,000",15.2,1.1,"2,247,700","2,978,900",75.5,1.2
E12000005,West Midlands,"991,300","3,658,900",27.1,1.1,"924,100","3,658,900",25.3,1.1,"750,200","3,658,900",20.5,1.0,"2,647,300","3,658,900",72.4,1.1,"580,300","991,300",58.5,2.3,"528,600","924,100",57.2,2.4,"387,300","750,200",51.6,2.7,"2,239,400","2,647,300",84.6,1.1,"540,900","991,300",54.6,2.3,"490,400","924,100",53.1,2.4,"357,500","750,200",47.7,2.7,"2,152,800","2,647,300",81.3,1.1,"39,400","580,300",6.8,1.5,"38,200","528,600",7.2,1.7,"29,800","387,300",7.7,2.0,"86,500","2,239,400",3.9,0.6,"411,000","991,300",41.5,2.3,"395,500","924,100",42.8,2.4,"362,900","750,200",48.4,2.7,"408,000","2,647,300",15.4,1.1,"2,708,400","3,658,900",74.0,1.1
E12000006,East,"1,001,000","3,828,600",26.1,1.1,"913,900","3,828,600",23.9,1.1,"739,600","3,828,600",19.3,1.0,"2,814,200","3,828,600",73.5,1.1,"647,100","1,001,000",64.6,2.4,"578,200","913,900",63.3,2.5,"419,700","739,600",56.7,2.9,"2,413,800","2,814,200",85.8,1.1,"603,700","1,001,000",60.3,2.5,"540,500","913,900",59.1,2.6,"387,200","739,600",52.4,2.9,"2,344,300","2,814,200",83.3,1.1,"43,400","647,100",6.7,1.6,"37,600","578,200",6.5,1.6,"32,400","419,700",7.7,2.1,"69,500","2,413,800",2.9,0.5,"353,900","1,001,000",35.4,2.4,"335,700","913,900",36.7,2.5,"319,900","739,600",43.3,2.9,"400,300","2,814,200",14.2,1.1,"2,959,000","3,828,600",77.3,1.1
E12000007,London,"1,304,500","6,201,200",21.0,1.0,"1,195,800","6,201,200",19.3,0.9,"1,000,600","6,201,200",16.1,0.9,"4,831,700","6,201,200",77.9,1.0,"841,700","1,304,500",64.5,2.5,"752,500","1,195,800",62.9,2.6,"578,700","1,000,600",57.8,2.9,"4,045,100","4,831,700",83.7,1.0,"773,700","1,304,500",59.3,2.5,"692,300","1,195,800",57.9,2.7,"529,400","1,000,600",52.9,3.0,"3,877,000","4,831,700",80.2,1.1,"68,000","841,700",8.1,1.8,"60,100","752,500",8.0,1.9,"49,300","578,700",8.5,2.2,"168,100","4,045,100",4.2,0.6,"462,800","1,304,500",35.5,2.5,"443,300","1,195,800",37.1,2.6,"421,900","1,000,600",42.2,2.9,"786,600","4,831,700",16.3,1.0,"4,693,200","6,201,200",75.7,1.0
E12000008,South East,"1,436,100","5,653,000",25.4,0.8,"1,318,200","5,653,000",23.3,0.8,"1,044,400","5,653,000",18.5,0.7,"4,190,200","5,653,000",74.1,0.8,"950,700","1,436,100",66.2,1.8,"854,800","1,318,200",64.8,1.9,"613,800","1,044,400",58.8,2.2,"3,619,000","4,190,200",86.4,0.7,"898,200","1,436,100",62.5,1.8,"805,500","1,318,200",61.1,1.9,"568,500","1,044,400",54.4,2.2,"3,513,400","4,190,200",83.8,0.8,"52,400","950,700",5.5,1.0,"49,300","854,800",5.8,1.1,"45,300","613,800",7.4,1.5,"105,600","3,619,000",2.9,0.4,"485,400","1,436,100",33.8,1.8,"463,400","1,318,200",35.2,1.9,"430,500","1,044,400",41.2,2.2,"571,200","4,190,200",13.6,0.7,"4,430,100","5,653,000",78.4,0.8
E12000009,South West,"908,800","3,375,200",26.9,1.0,"833,800","3,375,200",24.7,0.9,"689,300","3,375,200",20.4,0.9,"2,441,100","3,375,200",72.3,1.0,"590,000","908,800",64.9,2.0,"529,800","833,800",63.5,2.1,"404,400","689,300",58.7,2.4,"2,126,400","2,441,100",87.1,0.9,"559,100","908,800",61.5,2.1,"500,000","833,800",60.0,2.2,"378,400","689,300",54.9,2.4,"2,067,700","2,441,100",84.7,0.9,"30,900","590,000",5.2,1.2,"29,800","529,800",5.6,1.3,"26,000","404,400",6.4,1.6,"58,700","2,126,400",2.8,0.5,"318,800","908,800",35.1,2.0,"304,000","833,800",36.5,2.1,"284,900","689,300",41.3,2.4,"314,700","2,441,100",12.9,0.9,"2,644,600","3,375,200",78.4,0.9
,,,,,,,,,,,,,,,,,,,,,,,,,,,,,,,,,,,,,,,,,,,,,,,,,,,,,,,,,,,,,,,,,,,,,,,,,,,,,,,,,,,,,
W92000004,Wales,"576,100","1,925,000",29.9,1.0,"538,900","1,925,000",28.0,1.0,"441,200","1,925,000",22.9,1.0,"1,334,300","1,925,000",69.3,1.1,"318,100","576,100",55.2,2.1,"291,200","538,900",54.0,2.1,"205,500","441,200",46.6,2.4,"1,122,100","1,334,300",84.1,1.0,"302,800","576,100",52.6,2.1,"278,100","538,900",51.6,2.1,"193,700","441,200",43.9,2.3,"1,089,700","1,334,300",81.7,1.1,"15,200","318,100",4.8,1.2,"13,200","291,200",4.5,1.2,"11,800","205,500",5.7,1.6,"32,400","1,122,100",2.9,0.5,"258,100","576,100",44.8,2.1,"247,600","538,900",46.0,2.1,"235,800","441,200",53.4,2.4,"212,200","1,334,300",15.9,1.0,"1,401,500","1,925,000",72.8,1.0
S92000003,Scotland,"1,019,100","3,468,100",29.4,0.9,"953,200","3,468,100",27.5,0.9,"783,600","3,468,100",22.6,0.8,"2,430,700","3,468,100",70.1,0.9,"571,900","1,019,100",56.1,1.8,"525,000","953,200",55.1,1.9,"372,800","783,600",47.6,2.1,"2,077,800","2,430,700",85.5,0.9,"533,700","1,019,100",52.4,1.9,"490,300","953,200",51.4,1.9,"344,500","783,600",44.0,2.1,"2,028,300","2,430,700",83.4,0.9,"38,200","571,900",6.7,1.2,"34,700","525,000",6.6,1.3,"28,300","372,800",7.6,1.6,"49,600","2,077,800",2.4,0.4,"447,200","1,019,100",43.9,1.8,"428,200","953,200",44.9,1.9,"410,800","783,600",52.4,2.1,"352,900","2,430,700",14.5,0.9,"2,573,700","3,468,100",74.2,0.9
N92000002,Northern Ireland,"278,800","1,177,400",23.7,1.2,"265,000","1,177,400",22.5,1.1,"229,300","1,177,400",19.5,1.1,"889,500","1,177,400",75.5,1.2,"132,800","278,800",47.6,2.7,"122,200","265,000",46.1,2.8,"90,200","229,300",39.3,3.0,"756,100","889,500",85.0,1.1,"128,100","278,800",46.0,2.7,"117,700","265,000",44.4,2.8,"86,600","229,300",37.8,2.9,"744,600","889,500",83.7,1.2,"4,700","132,800",3.5,1.5,"4,500","122,200",3.7,1.6,"3,700","90,200",4.0,1.9,"11,500","756,100",1.5,0.4,"146,000","278,800",52.4,2.7,"142,800","265,000",53.9,2.8,"139,100","229,300",60.7,3.0,"133,400","889,500",15.0,1.1,"875,000","1,177,400",74.3,1.2
,,,,,,,,,,,,,,,,,,,,,,,,,,,,,,,,,,,,,,,,,,,,,,,,,,,,,,,,,,,,,,,,,,,,,,,,,,,,,,,,,,,,,
E92000001,England,"9,238,000","35,274,600",26.2,0.3,"8,525,600","35,274,600",24.2,0.3,"6,970,300","35,274,600",19.8,0.3,"25,814,200","35,274,600",73.2,0.3,"5,691,700","9,238,000",61.6,0.7,"5,125,100","8,525,600",60.1,0.8,"3,779,100","6,970,300",54.2,0.9,"21,922,600","25,814,200",84.9,0.3,"5,325,300","9,238,000",57.6,0.7,"4,786,600","8,525,600",56.1,0.8,"3,484,000","6,970,300",50.0,0.9,"21,181,500","25,814,200",82.1,0.3,"366,400","5,691,700",6.4,0.5,"338,600","5,125,100",6.6,0.5,"295,100","3,779,100",7.8,0.6,"741,100","21,922,600",3.4,0.2,"3,546,300","9,238,000",38.4,0.7,"3,400,400","8,525,600",39.9,0.8,"3,191,200","6,970,300",45.8,0.9,"3,891,600","25,814,200",15.1,0.3,"26,655,300","35,274,600",75.6,0.3
K04000001,England and Wales,"9,814,100","37,199,600",26.4,0.3,"9,064,400","37,199,600",24.4,0.3,"7,411,500","37,199,600",19.9,0.3,"27,148,500","37,199,600",73.0,0.3,"6,009,800","9,814,100",61.2,0.7,"5,416,400","9,064,400",59.8,0.7,"3,984,600","7,411,500",53.8,0.8,"23,044,700","27,148,500",84.9,0.3,"5,628,100","9,814,100",57.3,0.7,"5,064,600","9,064,400",55.9,0.7,"3,677,700","7,411,500",49.6,0.8,"22,271,200","27,148,500",82.0,0.3,"381,700","6,009,800",6.4,0.4,"351,800","5,416,400",6.5,0.5,"306,900","3,984,600",7.7,0.6,"773,500","23,044,700",3.4,0.2,"3,804,400","9,814,100",38.8,0.7,"3,648,100","9,064,400",40.2,0.7,"3,426,900","7,411,500",46.2,0.8,"4,103,800","27,148,500",15.1,0.3,"28,056,900","37,199,600",75.4,0.3
K03000001,Great Britain,"10,833,200","40,667,600",26.6,0.3,"10,017,600","40,667,600",24.6,0.3,"8,195,100","40,667,600",20.2,0.3,"29,579,200","40,667,600",72.7,0.3,"6,581,700","10,833,200",60.8,0.6,"5,941,400","10,017,600",59.3,0.7,"4,357,400","8,195,100",53.2,0.7,"25,122,500","29,579,200",84.9,0.3,"6,161,800","10,833,200",56.9,0.6,"5,555,000","10,017,600",55.5,0.7,"4,022,200","8,195,100",49.1,0.8,"24,299,400","29,579,200",82.2,0.3,"419,900","6,581,700",6.4,0.4,"386,500","5,941,400",6.5,0.4,"335,200","4,357,400",7.7,0.6,"823,100","25,122,500",3.3,0.2,"4,251,600","10,833,200",39.2,0.6,"4,076,200","10,017,600",40.7,0.7,"3,837,700","8,195,100",46.8,0.7,"4,456,600","29,579,200",15.1,0.3,"30,630,600","40,667,600",75.3,0.3
K02000001,United Kingdom,"11,112,100","41,845,100",26.6,0.3,"10,282,600","41,845,100",24.6,0.3,"8,424,400","41,845,100",20.1,0.3,"30,468,700","41,845,100",72.8,0.3,"6,714,400","11,112,100",60.4,0.6,"6,063,600","10,282,600",59.0,0.7,"4,447,600","8,424,400",52.8,0.7,"25,878,600","30,468,700",84.9,0.3,"6,289,900","11,112,100",56.6,0.6,"5,672,700","10,282,600",55.2,0.7,"4,108,800","8,424,400",48.8,0.7,"25,044,100","30,468,700",82.2,0.3,"424,500","6,714,400",6.3,0.4,"390,900","6,063,600",6.4,0.4,"338,800","4,447,600",7.6,0.5,"834,600","25,878,600",3.2,0.2,"4,397,600","11,112,100",39.6,0.6,"4,219,100","10,282,600",41.0,0.7,"3,976,800","8,424,400",47.2,0.7,"4,590,000","30,468,700",15.1,0.3,"31,505,600","41,845,100",75.3,0.3
,,,,,,,,,,,,,,,,,,,,,,,,,,,,,,,,,,,,,,,,,,,,,,,,,,,,,,,,,,,,,,,,,,,,,,,,,,,,,,,,,,,,,
,,,,,,,,,,,,,,,,,,,,,,,,,,,,,,,,,,,,,,,,,,,,,,,,,,,,,,,,,,,,,,,,,,,,,,,,,,,,,,,,,,,,,
